{"cameraMode":{"drawMode":0,"name":"Shaded","section":"Shading Mode"},"sceneLighting":false,"audioPlay":false,"sceneViewState":{"showFog":true,"showMaterialUpdate":false,"showSkybox":false,"showFlares":true,"showImageEffects":true,"showParticleSystems":true},"in2DMode":false,"pivot":{"x":7.415775775909424,"y":2.5266082286834719,"z":5.680164337158203},"rotation":{"x":0.14834867417812348,"y":0.510137140750885,"z":-0.08983352780342102,"w":0.8424267172813416},"size":6.6377644538879398,"orthographic":true}