{"cameraMode":{"drawMode":0,"name":"Shaded","section":"Shading Mode"},"sceneLighting":true,"audioPlay":false,"sceneViewState":{"showFog":true,"showMaterialUpdate":false,"showSkybox":true,"showFlares":true,"showImageEffects":true,"showParticleSystems":true},"in2DMode":false,"pivot":{"x":28.64427947998047,"y":1.0829137563705445,"z":182.93841552734376},"rotation":{"x":0.14834867417812348,"y":0.510137140750885,"z":-0.08983352780342102,"w":0.8424267172813416},"size":1.693393588066101,"orthographic":true}