{"cameraMode":{"drawMode":0,"name":"Shaded","section":"Shading Mode"},"sceneLighting":false,"audioPlay":false,"sceneViewState":{"showFog":true,"showMaterialUpdate":false,"showSkybox":false,"showFlares":true,"showImageEffects":true,"showParticleSystems":true},"in2DMode":false,"pivot":{"x":7.415775775909424,"y":2.5266082286834719,"z":5.680164337158203},"rotation":{"x":0.05381256714463234,"y":0.6654949188232422,"z":-0.04820571467280388,"w":0.7428976893424988},"size":3.327150583267212,"orthographic":true}