{"cameraMode":{"drawMode":0,"name":"Shaded","section":"Shading Mode"},"sceneLighting":false,"audioPlay":false,"sceneViewState":{"showFog":true,"showMaterialUpdate":false,"showSkybox":false,"showFlares":true,"showImageEffects":true,"showParticleSystems":true},"in2DMode":false,"pivot":{"x":44.79418182373047,"y":80.124755859375,"z":726.6720581054688},"rotation":{"x":0.11342910677194596,"y":0.23463056981563569,"z":-0.027577735483646394,"w":0.9650501608848572},"size":10.731589317321778,"orthographic":false}