{"cameraMode":{"drawMode":0,"name":"Shaded","section":"Shading Mode"},"sceneLighting":false,"audioPlay":false,"sceneViewState":{"showFog":true,"showMaterialUpdate":false,"showSkybox":false,"showFlares":true,"showImageEffects":true,"showParticleSystems":true},"in2DMode":false,"pivot":{"x":-0.07608330249786377,"y":2.0789055824279787,"z":0.174427330493927},"rotation":{"x":0.039874956011772159,"y":0.8767392039299011,"z":0.0738200694322586,"w":-0.4735915958881378},"size":8.959452629089356,"orthographic":true}