{"cameraMode":{"drawMode":0,"name":"Shaded","section":"Shading Mode"},"sceneLighting":true,"audioPlay":false,"sceneViewState":{"showFog":true,"showMaterialUpdate":false,"showSkybox":false,"showFlares":true,"showImageEffects":true,"showParticleSystems":true},"in2DMode":false,"pivot":{"x":-2.2430503368377687,"y":0.6964694261550903,"z":-2.4499337673187258},"rotation":{"x":-0.05677526444196701,"y":-0.3347577154636383,"z":0.02021060883998871,"w":-0.9403751492500305},"size":1.0939671993255616,"orthographic":false}