{"cameraMode":{"drawMode":0,"name":"Shaded","section":"Shading Mode"},"sceneLighting":false,"audioPlay":false,"sceneViewState":{"showFog":true,"showMaterialUpdate":false,"showSkybox":false,"showFlares":true,"showImageEffects":true,"showParticleSystems":true},"in2DMode":false,"pivot":{"x":7.4140706062316898,"y":2.2808151245117189,"z":5.040955543518066},"rotation":{"x":0.04167235642671585,"y":-0.12228835374116898,"z":0.005136937368661165,"w":0.9916061162948608},"size":3.441288709640503,"orthographic":true}