{"cameraMode":{"drawMode":0,"name":"Shaded","section":"Shading Mode"},"sceneLighting":false,"audioPlay":false,"sceneViewState":{"showFog":true,"showMaterialUpdate":false,"showSkybox":false,"showFlares":true,"showImageEffects":true,"showParticleSystems":true},"in2DMode":false,"pivot":{"x":-1.2802679538726807,"y":-1.8719584941864014,"z":0.9594267010688782},"rotation":{"x":0.05975176393985748,"y":-0.23376022279262544,"z":0.014395494945347309,"w":0.9703497886657715},"size":15.757627487182618,"orthographic":true}