{"cameraMode":{"drawMode":0,"name":"Shaded","section":"Shading Mode"},"sceneLighting":false,"audioPlay":false,"sceneViewState":{"showFog":true,"showMaterialUpdate":false,"showSkybox":false,"showFlares":true,"showImageEffects":true,"showParticleSystems":true},"in2DMode":false,"pivot":{"x":-14.239999771118164,"y":2.4660000801086427,"z":4.300000190734863},"rotation":{"x":0.2856939733028412,"y":0.020704682916402818,"z":-0.006173852831125259,"w":0.9580773711204529},"size":2.8578836917877199,"orthographic":false}