{"cameraMode":{"drawMode":0,"name":"Shaded","section":"Shading Mode"},"sceneLighting":true,"audioPlay":false,"sceneViewState":{"showFog":true,"showMaterialUpdate":false,"showSkybox":true,"showFlares":true,"showImageEffects":true,"showParticleSystems":true},"in2DMode":false,"pivot":{"x":199.1402130126953,"y":18.815202713012697,"z":108.59590911865235},"rotation":{"x":0.12412631511688233,"y":-0.32965126633644106,"z":0.043768495321273807,"w":0.9348834156990051},"size":7.683357238769531,"orthographic":true}