{"cameraMode":{"drawMode":0,"name":"Shaded","section":"Shading Mode"},"sceneLighting":true,"audioPlay":false,"sceneViewState":{"showFog":true,"showMaterialUpdate":false,"showSkybox":true,"showFlares":true,"showImageEffects":true,"showParticleSystems":true},"in2DMode":false,"pivot":{"x":170.5255889892578,"y":24.249420166015626,"z":198.35423278808595},"rotation":{"x":0.03873993456363678,"y":-0.9199897050857544,"z":0.09416598081588745,"w":0.3784851133823395},"size":6.895053863525391,"orthographic":false}