{"cameraMode":{"drawMode":0,"name":"Shaded","section":"Shading Mode"},"sceneLighting":true,"audioPlay":false,"sceneViewState":{"showFog":true,"showMaterialUpdate":false,"showSkybox":false,"showFlares":true,"showImageEffects":true,"showParticleSystems":true},"in2DMode":false,"pivot":{"x":-0.3640003204345703,"y":0.3470001220703125,"z":0.0},"rotation":{"x":0.0915326327085495,"y":-0.24185854196548463,"z":0.022923942655324937,"w":0.9657125473022461},"size":4.975257396697998,"orthographic":true}