{"cameraMode":{"drawMode":0,"name":"Shaded","section":"Shading Mode"},"sceneLighting":false,"audioPlay":false,"sceneViewState":{"showFog":false,"showMaterialUpdate":false,"showSkybox":false,"showFlares":false,"showImageEffects":false,"showParticleSystems":false},"in2DMode":false,"pivot":{"x":-1.2280502319335938,"y":0.4761638641357422,"z":1.434609055519104},"rotation":{"x":-0.10518347471952439,"y":-0.8488150238990784,"z":0.18438602983951569,"w":-0.48420172929763796},"size":0.9220525622367859,"orthographic":false}