{"cameraMode":{"drawMode":0,"name":"Shaded","section":"Shading Mode"},"sceneLighting":true,"audioPlay":false,"sceneViewState":{"showFog":true,"showMaterialUpdate":false,"showSkybox":true,"showFlares":true,"showImageEffects":true,"showParticleSystems":true},"in2DMode":false,"pivot":{"x":496.0797119140625,"y":199.569580078125,"z":-186.63409423828126},"rotation":{"x":0.11295346915721894,"y":-0.11805069446563721,"z":0.013517007231712342,"w":0.9864699244499207},"size":673.1266479492188,"orthographic":false}