{"cameraMode":{"drawMode":0,"name":"Shaded","section":"Shading Mode"},"sceneLighting":false,"audioPlay":false,"sceneViewState":{"showFog":true,"showMaterialUpdate":false,"showSkybox":false,"showFlares":true,"showImageEffects":true,"showParticleSystems":true},"in2DMode":false,"pivot":{"x":192.15032958984376,"y":25.551725387573243,"z":175.61215209960938},"rotation":{"x":-0.01992986723780632,"y":0.6235231757164002,"z":0.015903370454907419,"w":0.7813889980316162},"size":119.05810546875,"orthographic":false}