{"cameraMode":{"drawMode":0,"name":"Shaded","section":"Shading Mode"},"sceneLighting":true,"audioPlay":false,"sceneViewState":{"showFog":true,"showMaterialUpdate":false,"showSkybox":true,"showFlares":true,"showImageEffects":true,"showParticleSystems":true},"in2DMode":false,"pivot":{"x":184.1350860595703,"y":21.94000244140625,"z":102.86226654052735},"rotation":{"x":0.21878723800182343,"y":-0.2196851223707199,"z":0.050627466291189197,"w":0.9493721723556519},"size":40.11003875732422,"orthographic":true}