{"cameraMode":{"drawMode":0,"name":"Shaded","section":"Shading Mode"},"sceneLighting":false,"audioPlay":false,"sceneViewState":{"showFog":true,"showMaterialUpdate":false,"showSkybox":false,"showFlares":true,"showImageEffects":true,"showParticleSystems":true},"in2DMode":false,"pivot":{"x":-0.14344556629657746,"y":0.11218434572219849,"z":-0.655983567237854},"rotation":{"x":0.08169641345739365,"y":-0.13057804107666017,"z":0.01079687662422657,"w":0.9880073666572571},"size":1.0362801551818848,"orthographic":false}