{"cameraMode":{"drawMode":0,"name":"Shaded","section":"Shading Mode"},"sceneLighting":true,"audioPlay":false,"sceneViewState":{"showFog":true,"showMaterialUpdate":false,"showSkybox":true,"showFlares":true,"showImageEffects":true,"showParticleSystems":true},"in2DMode":false,"pivot":{"x":179.6324920654297,"y":22.17212677001953,"z":106.64868927001953},"rotation":{"x":0.07615441828966141,"y":0.1223236545920372,"z":-0.009414203464984894,"w":0.989519476890564},"size":-6.213705062866211,"orthographic":false}