{"cameraMode":{"drawMode":0,"name":"Shaded","section":"Shading Mode"},"sceneLighting":false,"audioPlay":false,"sceneViewState":{"showFog":true,"showMaterialUpdate":false,"showSkybox":false,"showFlares":true,"showImageEffects":true,"showParticleSystems":true},"in2DMode":false,"pivot":{"x":170.76791381835938,"y":23.040151596069337,"z":169.4034881591797},"rotation":{"x":-0.04229478910565376,"y":-0.9548952579498291,"z":-0.16695958375930787,"w":0.24188989400863648},"size":18.938392639160158,"orthographic":false}