{"cameraMode":{"drawMode":0,"name":"Shaded","section":"Shading Mode"},"sceneLighting":true,"audioPlay":false,"sceneViewState":{"showFog":true,"showMaterialUpdate":false,"showSkybox":true,"showFlares":true,"showImageEffects":true,"showParticleSystems":true},"in2DMode":false,"pivot":{"x":206.1650848388672,"y":21.312395095825197,"z":145.8249053955078},"rotation":{"x":0.016066741198301317,"y":-0.5665122270584106,"z":0.011048473417758942,"w":0.823822557926178},"size":25.482524871826173,"orthographic":true}