{"cameraMode":{"drawMode":0,"name":"Shaded","section":"Shading Mode"},"sceneLighting":true,"audioPlay":false,"sceneViewState":{"showFog":true,"showMaterialUpdate":false,"showSkybox":true,"showFlares":true,"showImageEffects":true,"showParticleSystems":true},"in2DMode":false,"pivot":{"x":-0.006585478782653809,"y":24.781295776367189,"z":-0.004341244697570801},"rotation":{"x":-0.17811927199363709,"y":0.27487045526504519,"z":-0.05189668759703636,"w":-0.943412184715271},"size":18.39867401123047,"orthographic":false}