{"cameraMode":{"drawMode":0,"name":"Shaded","section":"Shading Mode"},"sceneLighting":true,"audioPlay":false,"sceneViewState":{"showFog":true,"showMaterialUpdate":false,"showSkybox":true,"showFlares":true,"showImageEffects":true,"showParticleSystems":true},"in2DMode":false,"pivot":{"x":-88.6239013671875,"y":-36.92278289794922,"z":244.02606201171876},"rotation":{"x":-0.12849324941635133,"y":0.8081405758857727,"z":-0.19161826372146607,"w":-0.5419232249259949},"size":232.58876037597657,"orthographic":false}