{"cameraMode":{"drawMode":0,"name":"Shaded","section":"Shading Mode"},"sceneLighting":false,"audioPlay":false,"sceneViewState":{"showFog":true,"showMaterialUpdate":false,"showSkybox":false,"showFlares":true,"showImageEffects":true,"showParticleSystems":true},"in2DMode":false,"pivot":{"x":7.384409427642822,"y":2.388913869857788,"z":5.71436071395874},"rotation":{"x":0.07615441828966141,"y":0.1223236545920372,"z":-0.009414203464984894,"w":0.989519476890564},"size":6.479729175567627,"orthographic":false}