{"cameraMode":{"drawMode":0,"name":"Shaded","section":"Shading Mode"},"sceneLighting":true,"audioPlay":false,"sceneViewState":{"showFog":true,"showMaterialUpdate":false,"showSkybox":true,"showFlares":true,"showImageEffects":true,"showParticleSystems":true},"in2DMode":false,"pivot":{"x":419.3146667480469,"y":426.61859130859377,"z":27.8360595703125},"rotation":{"x":-0.08503001183271408,"y":0.041845109313726428,"z":-0.003574905451387167,"w":-0.9954928755760193},"size":1113.207275390625,"orthographic":false}