{"cameraMode":{"drawMode":0,"name":"Shaded","section":"Shading Mode"},"sceneLighting":true,"audioPlay":false,"sceneViewState":{"showFog":true,"showMaterialUpdate":false,"showSkybox":true,"showFlares":true,"showImageEffects":true,"showParticleSystems":true},"in2DMode":false,"pivot":{"x":8.890000343322754,"y":2.4000000953674318,"z":1.9006462097167969},"rotation":{"x":0.19599027931690217,"y":-0.0837274044752121,"z":0.016798129305243493,"w":0.9768804907798767},"size":11.623868942260743,"orthographic":true}