{"cameraMode":{"drawMode":0,"name":"Shaded","section":"Shading Mode"},"sceneLighting":true,"audioPlay":false,"sceneViewState":{"showFog":true,"showMaterialUpdate":false,"showSkybox":true,"showFlares":true,"showImageEffects":true,"showParticleSystems":true},"in2DMode":false,"pivot":{"x":2.448357343673706,"y":1.0475962162017823,"z":-3.5030603408813478},"rotation":{"x":0.040601447224617007,"y":0.9593495726585388,"z":-0.19247305393218995,"w":0.20237118005752564},"size":18.381206512451173,"orthographic":false}