{"cameraMode":{"drawMode":0,"name":"Shaded","section":"Shading Mode"},"sceneLighting":true,"audioPlay":false,"sceneViewState":{"showFog":true,"showMaterialUpdate":false,"showSkybox":true,"showFlares":true,"showImageEffects":true,"showParticleSystems":true},"in2DMode":false,"pivot":{"x":13.60566520690918,"y":0.9799998998641968,"z":1.9006462097167969},"rotation":{"x":-0.05815953388810158,"y":0.941662073135376,"z":-0.2247689664363861,"w":-0.2436574548482895},"size":9.807645797729493,"orthographic":false}