{"cameraMode":{"drawMode":0,"name":"Shaded","section":"Shading Mode"},"sceneLighting":true,"audioPlay":false,"sceneViewState":{"showFog":true,"showMaterialUpdate":false,"showSkybox":true,"showFlares":true,"showImageEffects":true,"showParticleSystems":true},"in2DMode":false,"pivot":{"x":28.551584243774415,"y":-57.152191162109378,"z":-229.6470184326172},"rotation":{"x":-0.024716613814234735,"y":0.9750440120697022,"z":-0.14468194544315339,"w":-0.1665698140859604},"size":523.2575073242188,"orthographic":false}