{"cameraMode":{"drawMode":0,"name":"Shaded","section":"Shading Mode"},"sceneLighting":true,"audioPlay":false,"sceneViewState":{"showFog":true,"showMaterialUpdate":false,"showSkybox":true,"showFlares":true,"showImageEffects":true,"showParticleSystems":true},"in2DMode":false,"pivot":{"x":164.79725646972657,"y":-604.0506591796875,"z":684.7046508789063},"rotation":{"x":0.43113213777542117,"y":0.014882201328873635,"z":-0.0071123517118394379,"w":0.9021380543708801},"size":916.3308715820313,"orthographic":false}