{"cameraMode":{"drawMode":0,"name":"Shaded","section":"Shading Mode"},"sceneLighting":true,"audioPlay":false,"sceneViewState":{"showFog":true,"showMaterialUpdate":false,"showSkybox":true,"showFlares":true,"showImageEffects":true,"showParticleSystems":true},"in2DMode":false,"pivot":{"x":-67.11658477783203,"y":-123.32473754882813,"z":642.2852783203125},"rotation":{"x":0.2199607938528061,"y":-0.06725335121154785,"z":0.015202376991510392,"w":0.9730689525604248},"size":549.71875,"orthographic":false}