{"cameraMode":{"drawMode":0,"name":"Shaded","section":"Shading Mode"},"sceneLighting":true,"audioPlay":false,"sceneViewState":{"showFog":true,"showMaterialUpdate":false,"showSkybox":true,"showFlares":true,"showImageEffects":true,"showParticleSystems":true},"in2DMode":false,"pivot":{"x":175.0946807861328,"y":19.750411987304689,"z":135.85560607910157},"rotation":{"x":0.22486616671085359,"y":-0.005850938614457846,"z":0.0013501604553312064,"w":0.9743711948394775},"size":12.906982421875,"orthographic":false}