{"cameraMode":{"drawMode":0,"name":"Shaded","section":"Shading Mode"},"sceneLighting":true,"audioPlay":false,"sceneViewState":{"showFog":true,"showMaterialUpdate":false,"showSkybox":true,"showFlares":true,"showImageEffects":true,"showParticleSystems":true},"in2DMode":false,"pivot":{"x":190.4357147216797,"y":-71.9874496459961,"z":331.0472717285156},"rotation":{"x":-0.19406823813915254,"y":0.004999667871743441,"z":-0.0009893516544252635,"w":-0.9809748530387878},"size":276.03143310546877,"orthographic":false}