{"cameraMode":{"drawMode":0,"name":"Shaded","section":"Shading Mode"},"sceneLighting":false,"audioPlay":false,"sceneViewState":{"showFog":true,"showMaterialUpdate":false,"showSkybox":false,"showFlares":true,"showImageEffects":true,"showParticleSystems":true},"in2DMode":false,"pivot":{"x":7.5848846435546879,"y":2.9121365547180177,"z":5.703689098358154},"rotation":{"x":-0.00599953206256032,"y":-0.011999495327472687,"z":-0.00007199784886324778,"w":0.9999099969863892},"size":4.1972761154174809,"orthographic":true}