{"cameraMode":{"drawMode":0,"name":"Shaded","section":"Shading Mode"},"sceneLighting":false,"audioPlay":false,"sceneViewState":{"showFog":true,"showMaterialUpdate":false,"showSkybox":false,"showFlares":true,"showImageEffects":true,"showParticleSystems":true},"in2DMode":false,"pivot":{"x":7.415776252746582,"y":2.6442172527313234,"z":5.680164337158203},"rotation":{"x":-0.010499512776732445,"y":-0.007499514613300562,"z":-0.00007874781294958666,"w":0.9999167919158936},"size":6.366567134857178,"orthographic":true}