{"cameraMode":{"drawMode":0,"name":"Shaded","section":"Shading Mode"},"sceneLighting":true,"audioPlay":false,"sceneViewState":{"showFog":true,"showMaterialUpdate":false,"showSkybox":true,"showFlares":true,"showImageEffects":true,"showParticleSystems":true},"in2DMode":false,"pivot":{"x":-13.308998107910157,"y":0.0,"z":0.4360008239746094},"rotation":{"x":-0.11523126810789108,"y":0.6203335523605347,"z":-0.09280276298522949,"w":-0.7702568769454956},"size":14.369346618652344,"orthographic":true}