{"cameraMode":{"drawMode":0,"name":"Shaded","section":"Shading Mode"},"sceneLighting":false,"audioPlay":false,"sceneViewState":{"showFog":true,"showMaterialUpdate":false,"showSkybox":false,"showFlares":true,"showImageEffects":true,"showParticleSystems":true},"in2DMode":false,"pivot":{"x":-0.5759584903717041,"y":0.6135677099227905,"z":1.6058738231658936},"rotation":{"x":-0.04643635451793671,"y":0.9278217554092407,"z":-0.12348157912492752,"w":-0.3489167094230652},"size":4.26384162902832,"orthographic":false}