{"cameraMode":{"drawMode":0,"name":"Shaded","section":"Shading Mode"},"sceneLighting":true,"audioPlay":false,"sceneViewState":{"showFog":true,"showMaterialUpdate":false,"showSkybox":true,"showFlares":true,"showImageEffects":true,"showParticleSystems":true},"in2DMode":false,"pivot":{"x":69.36673736572266,"y":-0.3143310546875,"z":76.89989471435547},"rotation":{"x":0.45616415143013,"y":0.18567796051502229,"z":-0.0979435071349144,"w":0.8647803664207459},"size":20.58080291748047,"orthographic":false}