{"cameraMode":{"drawMode":0,"name":"Shaded","section":"Shading Mode"},"sceneLighting":true,"audioPlay":false,"sceneViewState":{"showFog":true,"showMaterialUpdate":false,"showSkybox":true,"showFlares":true,"showImageEffects":true,"showParticleSystems":true},"in2DMode":false,"pivot":{"x":-2.192970037460327,"y":-0.5751304626464844,"z":1.3108234405517579},"rotation":{"x":-0.12328115105628967,"y":0.1190781444311142,"z":-0.014902220107614994,"w":-0.9850889444351196},"size":16.38842010498047,"orthographic":true}