{"cameraMode":{"drawMode":0,"name":"Shaded","section":"Shading Mode"},"sceneLighting":true,"audioPlay":false,"sceneViewState":{"showFog":true,"showMaterialUpdate":false,"showSkybox":true,"showFlares":true,"showImageEffects":true,"showParticleSystems":true},"in2DMode":false,"pivot":{"x":30.249216079711915,"y":1.6392430067062379,"z":172.8671112060547},"rotation":{"x":-0.15466617047786714,"y":-0.8439565300941467,"z":0.3360099494457245,"w":-0.38847532868385317},"size":12.900806427001954,"orthographic":false}