{"cameraMode":{"drawMode":0,"name":"Shaded","section":"Shading Mode"},"sceneLighting":true,"audioPlay":false,"sceneViewState":{"showFog":true,"showMaterialUpdate":false,"showSkybox":true,"showFlares":true,"showImageEffects":true,"showParticleSystems":true},"in2DMode":false,"pivot":{"x":-16.799999237060548,"y":1.059999942779541,"z":178.89999389648438},"rotation":{"x":-0.26806801557540896,"y":-0.027452319860458375,"z":0.007642040029168129,"w":-0.9629785418510437},"size":22.0,"orthographic":true}