{"cameraMode":{"drawMode":0,"name":"Shaded","section":"Shading Mode"},"sceneLighting":true,"audioPlay":false,"sceneViewState":{"showFog":true,"showMaterialUpdate":false,"showSkybox":true,"showFlares":true,"showImageEffects":true,"showParticleSystems":true},"in2DMode":false,"pivot":{"x":-17.0049991607666,"y":0.38999998569488528,"z":3.690000057220459},"rotation":{"x":-0.08379422873258591,"y":0.9062386751174927,"z":-0.21400488913059236,"w":-0.3548407256603241},"size":18.737852096557618,"orthographic":true}