{"cameraMode":{"drawMode":0,"name":"Shaded","section":"Shading Mode"},"sceneLighting":true,"audioPlay":false,"sceneViewState":{"showFog":true,"showMaterialUpdate":false,"showSkybox":true,"showFlares":true,"showImageEffects":true,"showParticleSystems":true},"in2DMode":false,"pivot":{"x":-4.926202774047852,"y":1.3648474216461182,"z":0.379913330078125},"rotation":{"x":0.2223709672689438,"y":-0.4621148109436035,"z":0.12090494483709336,"w":0.8499312400817871},"size":53.98589324951172,"orthographic":true}