{"cameraMode":{"drawMode":0,"name":"Shaded","section":"Shading Mode"},"sceneLighting":false,"audioPlay":false,"sceneViewState":{"showFog":true,"showMaterialUpdate":false,"showSkybox":false,"showFlares":true,"showImageEffects":true,"showParticleSystems":true},"in2DMode":false,"pivot":{"x":-15.25,"y":0.8699999451637268,"z":-13.069999694824219},"rotation":{"x":0.06972524523735047,"y":-0.6576575040817261,"z":0.06133910268545151,"w":0.7475711107254028},"size":8.573651313781739,"orthographic":false}