{"cameraMode":{"drawMode":0,"name":"Shaded","section":"Shading Mode"},"sceneLighting":false,"audioPlay":false,"sceneViewState":{"showFog":true,"showMaterialUpdate":false,"showSkybox":false,"showFlares":true,"showImageEffects":true,"showParticleSystems":true},"in2DMode":false,"pivot":{"x":-12.539995193481446,"y":1.2400000095367432,"z":0.4360008239746094},"rotation":{"x":-0.07402008771896362,"y":0.8536037802696228,"z":-0.12639157474040986,"w":-0.4999067485332489},"size":41.96994400024414,"orthographic":true}