{"cameraMode":{"drawMode":0,"name":"Shaded","section":"Shading Mode"},"sceneLighting":true,"audioPlay":false,"sceneViewState":{"showFog":true,"showMaterialUpdate":false,"showSkybox":true,"showFlares":true,"showImageEffects":true,"showParticleSystems":true},"in2DMode":false,"pivot":{"x":-13.308998107910157,"y":0.0,"z":0.4360008239746094},"rotation":{"x":-0.056281398981809619,"y":0.7390174865722656,"z":-0.062224045395851138,"w":-0.6684412360191345},"size":11.880699157714844,"orthographic":true}