{"cameraMode":{"drawMode":0,"name":"Shaded","section":"Shading Mode"},"sceneLighting":false,"audioPlay":false,"sceneViewState":{"showFog":true,"showMaterialUpdate":false,"showSkybox":false,"showFlares":true,"showImageEffects":true,"showParticleSystems":true},"in2DMode":false,"pivot":{"x":0.6917884945869446,"y":-4.75545597076416,"z":-0.022857666015625},"rotation":{"x":-0.089877650141716,"y":-0.004481772892177105,"z":0.0004044522356707603,"w":-0.9959427118301392},"size":15.877930641174317,"orthographic":true}