{"cameraMode":{"drawMode":0,"name":"Shaded","section":"Shading Mode"},"sceneLighting":true,"audioPlay":false,"sceneViewState":{"showFog":true,"showMaterialUpdate":false,"showSkybox":true,"showFlares":true,"showImageEffects":true,"showParticleSystems":true},"in2DMode":false,"pivot":{"x":30.433673858642579,"y":12.810750961303711,"z":171.44651794433595},"rotation":{"x":-0.1362587958574295,"y":0.6924490928649902,"z":-0.13568682968616486,"w":-0.695368230342865},"size":68.1993637084961,"orthographic":false}