{"cameraMode":{"drawMode":0,"name":"Shaded","section":"Shading Mode"},"sceneLighting":true,"audioPlay":false,"sceneViewState":{"showFog":true,"showMaterialUpdate":false,"showSkybox":true,"showFlares":true,"showImageEffects":true,"showParticleSystems":true},"in2DMode":false,"pivot":{"x":-14.612349510192871,"y":1.2130287885665894,"z":2.76369047164917},"rotation":{"x":0.12343505024909973,"y":0.6650845408439636,"z":-0.11279739439487457,"w":0.7278070449829102},"size":14.051834106445313,"orthographic":true}