{"cameraMode":{"drawMode":0,"name":"Shaded","section":"Shading Mode"},"sceneLighting":false,"audioPlay":false,"sceneViewState":{"showFog":true,"showMaterialUpdate":false,"showSkybox":false,"showFlares":true,"showImageEffects":true,"showParticleSystems":true},"in2DMode":false,"pivot":{"x":36.70000076293945,"y":1.4930000305175782,"z":185.44900512695313},"rotation":{"x":0.10950072109699249,"y":-0.8888925313949585,"z":0.3416006863117218,"w":0.28493615984916689},"size":1.6664193868637086,"orthographic":false}