{"cameraMode":{"drawMode":0,"name":"Shaded","section":"Shading Mode"},"sceneLighting":false,"audioPlay":false,"sceneViewState":{"showFog":true,"showMaterialUpdate":false,"showSkybox":false,"showFlares":true,"showImageEffects":true,"showParticleSystems":true},"in2DMode":false,"pivot":{"x":-14.239999771118164,"y":2.7660000324249269,"z":4.300000190734863},"rotation":{"x":0.0014985795132815838,"y":0.04348659887909889,"z":0.00006510731327580288,"w":-0.9990529417991638},"size":2.0637168884277345,"orthographic":true}