{"cameraMode":{"drawMode":0,"name":"Shaded","section":"Shading Mode"},"sceneLighting":true,"audioPlay":false,"sceneViewState":{"showFog":true,"showMaterialUpdate":false,"showSkybox":true,"showFlares":true,"showImageEffects":true,"showParticleSystems":true},"in2DMode":false,"pivot":{"x":-4.410713195800781,"y":-69.450927734375,"z":-51.881187438964847},"rotation":{"x":-0.07725103944540024,"y":-0.8833321928977966,"z":0.43489891290664675,"w":-0.1569060981273651},"size":172.15829467773438,"orthographic":false}