{"cameraMode":{"drawMode":0,"name":"Shaded","section":"Shading Mode"},"sceneLighting":true,"audioPlay":false,"sceneViewState":{"showFog":true,"showMaterialUpdate":false,"showSkybox":true,"showFlares":true,"showImageEffects":true,"showParticleSystems":true},"in2DMode":false,"pivot":{"x":206.30145263671876,"y":26.726102828979493,"z":228.13743591308595},"rotation":{"x":0.21285511553287507,"y":0.005862463265657425,"z":-0.0012771462788805366,"w":0.97706538438797},"size":22.0,"orthographic":false}