{"cameraMode":{"drawMode":0,"name":"Shaded","section":"Shading Mode"},"sceneLighting":true,"audioPlay":false,"sceneViewState":{"showFog":true,"showMaterialUpdate":false,"showSkybox":true,"showFlares":true,"showImageEffects":true,"showParticleSystems":true},"in2DMode":false,"pivot":{"x":50.8223762512207,"y":23.593971252441408,"z":292.3279113769531},"rotation":{"x":-0.14873044192790986,"y":-0.6017001867294312,"z":0.11528822779655457,"w":-0.7762375473976135},"size":37.100921630859378,"orthographic":false}