{"cameraMode":{"drawMode":0,"name":"Shaded","section":"Shading Mode"},"sceneLighting":true,"audioPlay":false,"sceneViewState":{"showFog":true,"showMaterialUpdate":false,"showSkybox":true,"showFlares":true,"showImageEffects":true,"showParticleSystems":true},"in2DMode":false,"pivot":{"x":181.61093139648438,"y":19.700000762939454,"z":144.03054809570313},"rotation":{"x":0.04496975243091583,"y":0.6379762291908264,"z":-0.03736388310790062,"w":0.7678333520889282},"size":8.110715866088868,"orthographic":true}