{"cameraMode":{"drawMode":0,"name":"Shaded","section":"Shading Mode"},"sceneLighting":true,"audioPlay":false,"sceneViewState":{"showFog":true,"showMaterialUpdate":false,"showSkybox":true,"showFlares":true,"showImageEffects":true,"showParticleSystems":true},"in2DMode":false,"pivot":{"x":205.55520629882813,"y":62.58625793457031,"z":306.8762512207031},"rotation":{"x":-0.12883950769901277,"y":0.650934100151062,"z":-0.11341365426778794,"w":-0.7394745349884033},"size":66.41900634765625,"orthographic":true}