{"cameraMode":{"drawMode":0,"name":"Shaded","section":"Shading Mode"},"sceneLighting":false,"audioPlay":false,"sceneViewState":{"showFog":true,"showMaterialUpdate":false,"showSkybox":false,"showFlares":true,"showImageEffects":true,"showParticleSystems":true},"in2DMode":false,"pivot":{"x":-14.25094223022461,"y":2.5143935680389406,"z":4.280658721923828},"rotation":{"x":0.07587797194719315,"y":-0.9182625412940979,"z":0.21539172530174256,"w":0.32348552346229555},"size":8.781447410583496,"orthographic":false}