{"cameraMode":{"drawMode":0,"name":"Shaded","section":"Shading Mode"},"sceneLighting":true,"audioPlay":false,"sceneViewState":{"showFog":true,"showMaterialUpdate":false,"showSkybox":true,"showFlares":true,"showImageEffects":true,"showParticleSystems":true},"in2DMode":false,"pivot":{"x":-4.328342437744141,"y":20.939102172851564,"z":87.80707550048828},"rotation":{"x":-0.5528258681297302,"y":-0.017496254295110704,"z":0.01161105278879404,"w":-0.8330322504043579},"size":220.06092834472657,"orthographic":false}