{"cameraMode":{"drawMode":0,"name":"Shaded","section":"Shading Mode"},"sceneLighting":false,"audioPlay":false,"sceneViewState":{"showFog":true,"showMaterialUpdate":false,"showSkybox":false,"showFlares":true,"showImageEffects":true,"showParticleSystems":true},"in2DMode":false,"pivot":{"x":7.134280204772949,"y":2.515681266784668,"z":5.708420753479004},"rotation":{"x":-0.5528258681297302,"y":-0.017496254295110704,"z":0.01161105278879404,"w":-0.8330322504043579},"size":6.797640800476074,"orthographic":false}