{"cameraMode":{"drawMode":0,"name":"Shaded","section":"Shading Mode"},"sceneLighting":false,"audioPlay":false,"sceneViewState":{"showFog":true,"showMaterialUpdate":false,"showSkybox":false,"showFlares":true,"showImageEffects":true,"showParticleSystems":true},"in2DMode":false,"pivot":{"x":168.62823486328126,"y":20.925064086914064,"z":167.49774169921876},"rotation":{"x":0.01020781695842743,"y":-0.9160646796226502,"z":0.023364726454019548,"w":0.4002193510532379},"size":18.487415313720704,"orthographic":false}