{"cameraMode":{"drawMode":0,"name":"Shaded","section":"Shading Mode"},"sceneLighting":true,"audioPlay":false,"sceneViewState":{"showFog":true,"showMaterialUpdate":false,"showSkybox":true,"showFlares":true,"showImageEffects":true,"showParticleSystems":true},"in2DMode":false,"pivot":{"x":158.25918579101563,"y":21.765159606933595,"z":289.0602722167969},"rotation":{"x":0.05903676897287369,"y":0.5930993556976318,"z":-0.04367148131132126,"w":0.8017734885215759},"size":8.939220428466797,"orthographic":true}