{"cameraMode":{"drawMode":0,"name":"Shaded","section":"Shading Mode"},"sceneLighting":true,"audioPlay":false,"sceneViewState":{"showFog":true,"showMaterialUpdate":false,"showSkybox":true,"showFlares":true,"showImageEffects":true,"showParticleSystems":true},"in2DMode":false,"pivot":{"x":-0.6470141410827637,"y":4.639861583709717,"z":-0.8166980743408203},"rotation":{"x":0.0038430714048445226,"y":0.9261109232902527,"z":0.00943773239850998,"w":-0.37711378931999209},"size":10.0,"orthographic":false}