{"cameraMode":{"drawMode":0,"name":"Shaded","section":"Shading Mode"},"sceneLighting":false,"audioPlay":false,"sceneViewState":{"showFog":true,"showMaterialUpdate":false,"showSkybox":false,"showFlares":true,"showImageEffects":true,"showParticleSystems":true},"in2DMode":false,"pivot":{"x":-8.18693733215332,"y":3.58984375,"z":2.3648834228515627},"rotation":{"x":0.0038430714048445226,"y":0.9261109232902527,"z":0.00943773239850998,"w":-0.37711378931999209},"size":2.583946943283081,"orthographic":false}