{"cameraMode":{"drawMode":0,"name":"Shaded","section":"Shading Mode"},"sceneLighting":true,"audioPlay":false,"sceneViewState":{"showFog":true,"showMaterialUpdate":false,"showSkybox":true,"showFlares":true,"showImageEffects":true,"showParticleSystems":true},"in2DMode":false,"pivot":{"x":26.51627540588379,"y":3.343647003173828,"z":178.74000549316407},"rotation":{"x":-0.13726140558719636,"y":-0.22175389528274537,"z":0.031546223908662799,"w":-0.9648779630661011},"size":22.0,"orthographic":false}