{"cameraMode":{"drawMode":0,"name":"Shaded","section":"Shading Mode"},"sceneLighting":true,"audioPlay":false,"sceneViewState":{"showFog":true,"showMaterialUpdate":false,"showSkybox":true,"showFlares":true,"showImageEffects":true,"showParticleSystems":true},"in2DMode":false,"pivot":{"x":181.61093139648438,"y":19.700000762939454,"z":144.03054809570313},"rotation":{"x":0.0546499527990818,"y":0.6293906569480896,"z":-0.044445350766181949,"w":0.7738897800445557},"size":6.801332950592041,"orthographic":true}