{"cameraMode":{"drawMode":0,"name":"Shaded","section":"Shading Mode"},"sceneLighting":true,"audioPlay":false,"sceneViewState":{"showFog":true,"showMaterialUpdate":false,"showSkybox":true,"showFlares":true,"showImageEffects":true,"showParticleSystems":true},"in2DMode":false,"pivot":{"x":-0.027356863021850587,"y":0.12098360061645508,"z":-0.04835319519042969},"rotation":{"x":0.15110288560390473,"y":0.45320600271224978,"z":-0.0782625824213028,"w":0.8750127553939819},"size":21.95362091064453,"orthographic":false}