{"cameraMode":{"drawMode":0,"name":"Shaded","section":"Shading Mode"},"sceneLighting":false,"audioPlay":false,"sceneViewState":{"showFog":true,"showMaterialUpdate":false,"showSkybox":false,"showFlares":true,"showImageEffects":true,"showParticleSystems":true},"in2DMode":false,"pivot":{"x":-14.239999771118164,"y":2.4660000801086427,"z":4.300000190734863},"rotation":{"x":0.15110288560390473,"y":0.45320600271224978,"z":-0.0782625824213028,"w":0.8750127553939819},"size":2.857893466949463,"orthographic":false}