{"cameraMode":{"drawMode":0,"name":"Shaded","section":"Shading Mode"},"sceneLighting":true,"audioPlay":false,"sceneViewState":{"showFog":true,"showMaterialUpdate":false,"showSkybox":true,"showFlares":true,"showImageEffects":true,"showParticleSystems":true},"in2DMode":false,"pivot":{"x":86.14456939697266,"y":3.0840649604797365,"z":-16.790000915527345},"rotation":{"x":0.13323210179805757,"y":-0.47988462448120119,"z":0.07400055974721909,"w":0.8639930486679077},"size":33.41981887817383,"orthographic":true}