{"cameraMode":{"drawMode":0,"name":"Shaded","section":"Shading Mode"},"sceneLighting":false,"audioPlay":false,"sceneViewState":{"showFog":true,"showMaterialUpdate":false,"showSkybox":false,"showFlares":true,"showImageEffects":true,"showParticleSystems":true},"in2DMode":false,"pivot":{"x":-8.2109375,"y":3.4600000381469728,"z":21.829999923706056},"rotation":{"x":-0.10967496782541275,"y":0.8780431151390076,"z":-0.24188075959682465,"w":-0.39812740683555605},"size":12.298834800720215,"orthographic":false}