{"cameraMode":{"drawMode":0,"name":"Shaded","section":"Shading Mode"},"sceneLighting":false,"audioPlay":false,"sceneViewState":{"showFog":true,"showMaterialUpdate":false,"showSkybox":false,"showFlares":true,"showImageEffects":true,"showParticleSystems":true},"in2DMode":false,"pivot":{"x":-1.2802679538726807,"y":-1.8719584941864014,"z":0.9594267010688782},"rotation":{"x":-0.2605836093425751,"y":0.5142803192138672,"z":-0.16757798194885255,"w":-0.7997059226036072},"size":33.05547332763672,"orthographic":false}