{"cameraMode":{"drawMode":0,"name":"Shaded","section":"Shading Mode"},"sceneLighting":false,"audioPlay":false,"sceneViewState":{"showFog":true,"showMaterialUpdate":false,"showSkybox":false,"showFlares":true,"showImageEffects":true,"showParticleSystems":true},"in2DMode":false,"pivot":{"x":197.6927032470703,"y":23.251359939575197,"z":124.0257797241211},"rotation":{"x":0.030057115480303766,"y":0.9699077010154724,"z":-0.1749919205904007,"w":0.1665937602519989},"size":7.057191371917725,"orthographic":false}