{"cameraMode":{"drawMode":0,"name":"Shaded","section":"Shading Mode"},"sceneLighting":true,"audioPlay":false,"sceneViewState":{"showFog":true,"showMaterialUpdate":false,"showSkybox":true,"showFlares":true,"showImageEffects":true,"showParticleSystems":true},"in2DMode":false,"pivot":{"x":22.16393280029297,"y":34.8984489440918,"z":249.26028442382813},"rotation":{"x":-0.09636755287647248,"y":-0.5968833565711975,"z":0.0725162997841835,"w":-0.793211817741394},"size":46.6136474609375,"orthographic":true}