{"cameraMode":{"drawMode":0,"name":"Shaded","section":"Shading Mode"},"sceneLighting":false,"audioPlay":false,"sceneViewState":{"showFog":true,"showMaterialUpdate":false,"showSkybox":false,"showFlares":true,"showImageEffects":true,"showParticleSystems":true},"in2DMode":false,"pivot":{"x":0.0,"y":5.814375877380371,"z":-0.007887601852416993},"rotation":{"x":-0.022471951320767404,"y":0.9685113430023193,"z":-0.09503322094678879,"w":-0.2290186583995819},"size":7.6833648681640629,"orthographic":false}